"var","rmse_curve","band_coverage"
"X1",0.0421349034372195,1
"X2",0.0374064346854424,1
"X3",0.0561231559208482,1
"X4",0.0308862246710767,1
