"sim","method","rmse_X1","rmse_X2","rmse_X3","rmse_X4","sigma2","tau2","rho"
"sim2","REML",0.189687136577808,0.0538679210490588,0.0770890463689652,0.02409085553007,0.99087587652803,0.165121873178738,0.267031203570879
"sim2","Bayes",0.0421349034372195,0.0374064346854424,0.0561231559208482,0.0308862246710767,0.674861880516159,0.163083806959884,0.218358452387633
"sim3","REML",0.250006142563709,0.0896596026309131,0.0734791815175349,0.0606265328913967,0.230957706978904,0.147576180046417,0.125404523428189
"sim3","Bayes",0.0815509647042818,0.0755882810462283,0.0671244621546132,0.0622247207805791,0.304277956543639,0.145175992127434,0.143839449390197
