"var","rmse_curve","band_coverage"
"X1",0.0419867583629241,1
"X2",0.0371457255675839,1
"X3",0.0558830145843777,1
"X4",0.0306805270897687,1
