"var","rmse_curve","band_coverage"
"X1",0.195863511473899,0.0594059405940594
"X2",0.0580863409985656,0.900990099009901
"X3",0.0157823158325889,1
"X4",0.0435221621084655,0.940594059405941
