"var","rmse_curve","band_coverage"
"X1",0.191170323570021,0.108910891089109
"X2",0.0532477647739699,1
"X3",0.0777969434982298,0.792079207920792
"X4",0.0242681379106816,1
