"var","rmse_A","cov_A","rmse_B","cov_B","rmse_C","cov_C"
"X1",0.191170323570021,0.108910891089109,0.189558414080389,0.108910891089109,0.0420221110454953,1
"X2",0.0532477647739699,1,0.0530917899964758,1,0.0371382285208281,1
"X3",0.0777969434982298,0.792079207920792,0.0773764111125061,0.801980198019802,0.0558927434150525,1
"X4",0.0242681379106816,1,0.0240786339744491,1,0.0307063777579615,1
