"var","rmse_curve","band_coverage"
"X1",0.065214588035352,0.732673267326733
"X2",0.0278983091665191,1
"X3",0.0481433404601972,0.801980198019802
"X4",0.0225836593675756,1
