"var","rmse_curve","band_coverage"
"X1",0.0751946510151121,0.712871287128713
"X2",0.0420752945758024,1
"X3",0.0303466711130531,1
"X4",0.0253935042443809,1
