"var","rmse_curve","band_coverage"
"X1",0.0815738731597187,0.96039603960396
"X2",0.0758238144834262,0.891089108910891
"X3",0.0716596852326756,1
"X4",0.0629667362025067,1
