"method","sigma2","tau2","rho","time_sec"
"REML",0.26254793654649,3.84852726969791,0.0270423163794279,32.828
"Bayes",0.342036086921168,3.87189438080655,0.0678781114444091,23263.957
