"var","rmse_curve","band_coverage"
"X1",0.0815509647042818,0.940594059405941
"X2",0.0755882810462283,0.96039603960396
"X3",0.0671244621546132,1
"X4",0.0622247207805791,1
