"var","rmse_curve","band_coverage"
"X1",0.0551668145269473,0.900990099009901
"X2",0.046852236881477,1
"X3",0.0243970517875759,1
"X4",0.0457136877586331,0.95049504950495
