"var","rmse_curve","band_coverage"
"X1",0.055637076128946,0.891089108910891
"X2",0.0458031110402624,1
"X3",0.025178998683018,1
"X4",0.0440927723021997,0.95049504950495
