"var","rmse_curve","band_coverage"
"X1",0.0659337510791858,0.722772277227723
"X2",0.0299007143929503,1
"X3",0.0515170964976334,0.821782178217822
"X4",0.0372424635772202,0.98019801980198
