"var","rmse_curve","band_coverage"
"X1",0.189687135360931,0.108910891089109
"X2",0.0538679185590437,1
"X3",0.0770890446716476,0.792079207920792
"X4",0.024090854468312,1
