"var","rmse_curve","band_coverage"
"X1",0.191169237657788,0.108910891089109
"X2",0.0532454108303186,1
"X3",0.0777952922498465,0.792079207920792
"X4",0.0242671828029326,1
