"var","rmse_curve","cor_curve"
"X1",0.189687136577848,0.996864782375927
"X2",0.0538679210490036,0.999353189783806
"X3",0.077089046369016,0.967788436786687
"X4",0.0240908555300651,0.999676318211983
