"var","rmse_curve","cor_curve"
"X1",0.23415791697489,0.990231891169122
"X2",0.191887618016451,0.94612249112856
"X3",0.0943516598960364,0.939455987234238
"X4",0.161136109005301,0.895587929078252
