"var","rmse_curve","cor_curve"
"X1",0.278728316202696,0.964903761737785
"X2",0.112637172979774,0.976455655646661
"X3",0.109666453860509,0.899506932580424
"X4",0.156294794581969,0.988056517152424
