"var","rmse_curve","cor_curve"
"X1",0.22000912315718,0.994378705209434
"X2",0.071133685329527,0.993403477552947
"X3",0.060034274501571,0.990001731246035
"X4",0.0534397731036747,0.988573478490126
