"var","rmse_curve","cor_curve"
"X1",1.01893134385488,0.998905448085284
"X2",1.57573295918967,0.994346792752231
"X3",0.250310984769624,0.996844458723587
"X4",0.0436453784873006,0.994735049465359
