"var","rmse_curve","cor_curve"
"X1",0.193571801529829,0.998905448085284
"X2",0.0580209894372206,0.994346792752231
"X3",0.017391567926858,0.996844458723587
"X4",0.0442412204448483,0.994735049465359
