"var","rmse_curve","cor_curve"
"X1",0.225283688565184,0.976237944199378
"X2",0.0664951766043812,0.9916538856156
"X3",0.05999602877028,0.99151764480195
"X4",0.103784301094655,0.96600962418574
