"var","rmse_curve","cor_curve"
"X1",0.212171841045236,0.996272610714793
"X2",0.0954358839339051,0.98225918370279
"X3",0.0656301497305062,0.975777582709021
"X4",0.074358355147844,0.994133110943149
