"var","rmse_curve","cor_curve"
"X1",0.26589559089094,0.998411796911736
"X2",0.0526920287523415,0.999529226081537
"X3",0.038538633064592,0.994120838123336
"X4",0.0224757545648129,0.998478242051208
